date,title,url
2023 December 11, Solar Minimum versus Solar Maximum, https://apod.nasa.gov/apod/ap231211.htmlgit 
2023 December 10, Big Dipper over Pyramid Mountain, https://apod.nasa.gov/apod/ap231210.html
2023 December 09, Pic du Pleiades,https://apod.nasa.gov/apod/ap231209.html
2023 December 08, Vega and Comet 12P/Pons-Brooks,https://apod.nasa.gov/apod/ap231208.html
2023 December 07, Orion and the Ocean of Storms,https://apod.nasa.gov/apod/ap231207.html
2023 December 06, Stars Verus Dust in the Carina Nebula,https://apod.nasa.gov/apod/ap231206.html
2023 December 05, Energetic Particle Strikes the Earth,https://apod.nasa.gov/apod/ap231205.html
2023 December 04, Plane Crossing Crescent Moon,https://apod.nasa.gov/apod/ap231204.html
2023 December 03, Moon Setting Behind Teide Volcano,https://apod.nasa.gov/apod/ap231203.html
